{
  "task": "Z'",
  "paper": "200",
  "version": "v0.3",
  "supersedes": "Task Z (commit 61aff82, halted on anchor under wrong-convention brief)",
  "definition": "A (5-series: primes p with p mod 6 == 5; chi_5 Legendre mod 5; chi_5(5) = 0)",
  "seed": 200,
  "n_5series_computed": 200,
  "anchor": {
    "row_count": 31,
    "all_rows_match": true,
    "S_5_at_anchor_index_31": 0,
    "expected": 0
  },
  "tie_positions_1_to_33": {
    "expected": [
      1,
      3,
      5,
      7,
      9,
      11,
      15,
      17,
      19,
      21,
      23,
      27,
      31,
      33
    ],
    "computed": [
      1,
      3,
      5,
      7,
      9,
      11,
      15,
      17,
      19,
      21,
      23,
      27,
      31,
      33
    ],
    "match": true,
    "count": 14
  },
  "regimes": {
    "tight": {
      "range": [
        1,
        33
      ],
      "zeros": 14,
      "length": 33,
      "fraction": 0.42424242424242425
    },
    "post": {
      "range": [
        34,
        66
      ],
      "zeros": 5,
      "length": 33,
      "fraction": 0.15151515151515152,
      "zero_positions": [
        41,
        43,
        61,
        63,
        65
      ]
    },
    "asymptotic": {
      "range": [
        67,
        200
      ],
      "zeros": 25,
      "length": 134,
      "fraction": 0.1865671641791045,
      "zero_positions": [
        67,
        69,
        71,
        73,
        75,
        77,
        79,
        83,
        85,
        89,
        101,
        103,
        105,
        107,
        109,
        113,
        115,
        117,
        121,
        125,
        131,
        133,
        137,
        163,
        165
      ]
    }
  },
  "bin_boundaries": {
    "LOW_max_exclusive": 0.3,
    "MID_max_inclusive": 0.55,
    "rule": "LOW if f_tight < 0.30; MID if 0.30 <= f_tight <= 0.55; HIGH if f_tight > 0.55"
  },
  "decision": {
    "f_tight": 0.42424242424242425,
    "bin": "MID"
  },
  "zero_indices_in_1_to_200": [
    1,
    3,
    5,
    7,
    9,
    11,
    15,
    17,
    19,
    21,
    23,
    27,
    31,
    33,
    41,
    43,
    61,
    63,
    65,
    67,
    69,
    71,
    73,
    75,
    77,
    79,
    83,
    85,
    89,
    101,
    103,
    105,
    107,
    109,
    113,
    115,
    117,
    121,
    125,
    131,
    133,
    137,
    163,
    165
  ],
  "first_50": [
    {
      "n": 1,
      "p_5n": 5,
      "p_mod_5": 0,
      "chi_5": 0,
      "S_5": 0,
      "tie": true
    },
    {
      "n": 2,
      "p_5n": 11,
      "p_mod_5": 1,
      "chi_5": 1,
      "S_5": 1,
      "tie": false
    },
    {
      "n": 3,
      "p_5n": 17,
      "p_mod_5": 2,
      "chi_5": -1,
      "S_5": 0,
      "tie": true
    },
    {
      "n": 4,
      "p_5n": 23,
      "p_mod_5": 3,
      "chi_5": -1,
      "S_5": -1,
      "tie": false
    },
    {
      "n": 5,
      "p_5n": 29,
      "p_mod_5": 4,
      "chi_5": 1,
      "S_5": 0,
      "tie": true
    },
    {
      "n": 6,
      "p_5n": 41,
      "p_mod_5": 1,
      "chi_5": 1,
      "S_5": 1,
      "tie": false
    },
    {
      "n": 7,
      "p_5n": 47,
      "p_mod_5": 2,
      "chi_5": -1,
      "S_5": 0,
      "tie": true
    },
    {
      "n": 8,
      "p_5n": 53,
      "p_mod_5": 3,
      "chi_5": -1,
      "S_5": -1,
      "tie": false
    },
    {
      "n": 9,
      "p_5n": 59,
      "p_mod_5": 4,
      "chi_5": 1,
      "S_5": 0,
      "tie": true
    },
    {
      "n": 10,
      "p_5n": 71,
      "p_mod_5": 1,
      "chi_5": 1,
      "S_5": 1,
      "tie": false
    },
    {
      "n": 11,
      "p_5n": 83,
      "p_mod_5": 3,
      "chi_5": -1,
      "S_5": 0,
      "tie": true
    },
    {
      "n": 12,
      "p_5n": 89,
      "p_mod_5": 4,
      "chi_5": 1,
      "S_5": 1,
      "tie": false
    },
    {
      "n": 13,
      "p_5n": 101,
      "p_mod_5": 1,
      "chi_5": 1,
      "S_5": 2,
      "tie": false
    },
    {
      "n": 14,
      "p_5n": 107,
      "p_mod_5": 2,
      "chi_5": -1,
      "S_5": 1,
      "tie": false
    },
    {
      "n": 15,
      "p_5n": 113,
      "p_mod_5": 3,
      "chi_5": -1,
      "S_5": 0,
      "tie": true
    },
    {
      "n": 16,
      "p_5n": 131,
      "p_mod_5": 1,
      "chi_5": 1,
      "S_5": 1,
      "tie": false
    },
    {
      "n": 17,
      "p_5n": 137,
      "p_mod_5": 2,
      "chi_5": -1,
      "S_5": 0,
      "tie": true
    },
    {
      "n": 18,
      "p_5n": 149,
      "p_mod_5": 4,
      "chi_5": 1,
      "S_5": 1,
      "tie": false
    },
    {
      "n": 19,
      "p_5n": 167,
      "p_mod_5": 2,
      "chi_5": -1,
      "S_5": 0,
      "tie": true
    },
    {
      "n": 20,
      "p_5n": 173,
      "p_mod_5": 3,
      "chi_5": -1,
      "S_5": -1,
      "tie": false
    },
    {
      "n": 21,
      "p_5n": 179,
      "p_mod_5": 4,
      "chi_5": 1,
      "S_5": 0,
      "tie": true
    },
    {
      "n": 22,
      "p_5n": 191,
      "p_mod_5": 1,
      "chi_5": 1,
      "S_5": 1,
      "tie": false
    },
    {
      "n": 23,
      "p_5n": 197,
      "p_mod_5": 2,
      "chi_5": -1,
      "S_5": 0,
      "tie": true
    },
    {
      "n": 24,
      "p_5n": 227,
      "p_mod_5": 2,
      "chi_5": -1,
      "S_5": -1,
      "tie": false
    },
    {
      "n": 25,
      "p_5n": 233,
      "p_mod_5": 3,
      "chi_5": -1,
      "S_5": -2,
      "tie": false
    },
    {
      "n": 26,
      "p_5n": 239,
      "p_mod_5": 4,
      "chi_5": 1,
      "S_5": -1,
      "tie": false
    },
    {
      "n": 27,
      "p_5n": 251,
      "p_mod_5": 1,
      "chi_5": 1,
      "S_5": 0,
      "tie": true
    },
    {
      "n": 28,
      "p_5n": 257,
      "p_mod_5": 2,
      "chi_5": -1,
      "S_5": -1,
      "tie": false
    },
    {
      "n": 29,
      "p_5n": 263,
      "p_mod_5": 3,
      "chi_5": -1,
      "S_5": -2,
      "tie": false
    },
    {
      "n": 30,
      "p_5n": 269,
      "p_mod_5": 4,
      "chi_5": 1,
      "S_5": -1,
      "tie": false
    },
    {
      "n": 31,
      "p_5n": 281,
      "p_mod_5": 1,
      "chi_5": 1,
      "S_5": 0,
      "tie": true
    },
    {
      "n": 32,
      "p_5n": 293,
      "p_mod_5": 3,
      "chi_5": -1,
      "S_5": -1,
      "tie": false
    },
    {
      "n": 33,
      "p_5n": 311,
      "p_mod_5": 1,
      "chi_5": 1,
      "S_5": 0,
      "tie": true
    },
    {
      "n": 34,
      "p_5n": 317,
      "p_mod_5": 2,
      "chi_5": -1,
      "S_5": -1,
      "tie": false
    },
    {
      "n": 35,
      "p_5n": 347,
      "p_mod_5": 2,
      "chi_5": -1,
      "S_5": -2,
      "tie": false
    },
    {
      "n": 36,
      "p_5n": 353,
      "p_mod_5": 3,
      "chi_5": -1,
      "S_5": -3,
      "tie": false
    },
    {
      "n": 37,
      "p_5n": 359,
      "p_mod_5": 4,
      "chi_5": 1,
      "S_5": -2,
      "tie": false
    },
    {
      "n": 38,
      "p_5n": 383,
      "p_mod_5": 3,
      "chi_5": -1,
      "S_5": -3,
      "tie": false
    },
    {
      "n": 39,
      "p_5n": 389,
      "p_mod_5": 4,
      "chi_5": 1,
      "S_5": -2,
      "tie": false
    },
    {
      "n": 40,
      "p_5n": 401,
      "p_mod_5": 1,
      "chi_5": 1,
      "S_5": -1,
      "tie": false
    },
    {
      "n": 41,
      "p_5n": 419,
      "p_mod_5": 4,
      "chi_5": 1,
      "S_5": 0,
      "tie": true
    },
    {
      "n": 42,
      "p_5n": 431,
      "p_mod_5": 1,
      "chi_5": 1,
      "S_5": 1,
      "tie": false
    },
    {
      "n": 43,
      "p_5n": 443,
      "p_mod_5": 3,
      "chi_5": -1,
      "S_5": 0,
      "tie": true
    },
    {
      "n": 44,
      "p_5n": 449,
      "p_mod_5": 4,
      "chi_5": 1,
      "S_5": 1,
      "tie": false
    },
    {
      "n": 45,
      "p_5n": 461,
      "p_mod_5": 1,
      "chi_5": 1,
      "S_5": 2,
      "tie": false
    },
    {
      "n": 46,
      "p_5n": 467,
      "p_mod_5": 2,
      "chi_5": -1,
      "S_5": 1,
      "tie": false
    },
    {
      "n": 47,
      "p_5n": 479,
      "p_mod_5": 4,
      "chi_5": 1,
      "S_5": 2,